id,lat,lon,name
3636133577,53.5063752,-113.6217818,Dog Park
4498776515,53.5186819,-113.692985,Rosenthal's Park
4726895588,53.4016021,-113.5286257,Allard Park
4726903246,53.3992377,-113.5462317,Desrochers Park
4727090604,53.5324223,-113.7056903,Unknown
4727276198,53.6282915,-113.5911651,Acorn Park Trail
5262977844,53.4161528,-113.5716873,Unknown
5262997168,53.4165284,-113.5665172,Jagre Ridge Golf Course hole # 15 scenic park area north of pond
5764899750,53.4136885,-113.562146,Paisley Rest Park
11309763926,53.5815039,-113.4139395,Unknown
11341633228,53.578838,-113.409075,Unknown
23201031,,,Strathcona Athletic Park
23212622,,,Unknown
23224047,,,Unknown
23224060,,,Kinsmen/Westboro Park
23224173,,,Cottonwood Park
23224180,,,Estates of Sherwood Park Sport Field Park
23224188,,,Estates of Sherwood Park Central Park
23234859,,,Ball Lake Island Park
23236234,,,William Hawrelak Park
23236319,,,Emily Murphy Park
23237004,,,Kinsmen Park
23237088,,,Terwillegar Park
23239601,,,Twin Brooks Park
23240453,,,McGhan Park
23249973,,,Confederation Park
23250191,,,Twin Brooks District and Nature Park
23250804,,,Empire Park
23250809,,,Kaskitayo Park
23272356,,,Lansdowne Park
23272365,,,Lendrum Place Park
23272369,,,Unknown
23272380,,,Allendale Park
23272384,,,Mount Pleasant Park
23272409,,,Rideau Park
23272431,,,Duggan Park
23272439,,,Blue Quill Park
23272449,,,Ermineskin Park
23272459,,,Keheewin Park
23272471,,,Unknown
23272488,,,Steinhauer Park
23272498,,,Greenfield Park
23309663,,,Malvern Park
23309665,,,Marion Park
23309677,,,Baseline Park
23309685,,,Gilmore Park
23309688,,,Heritage Point Park
23309692,,,Unknown
23309699,,,Heritage Hills Park
23309702,,,Unknown
23309705,,,Granville Park
23316591,,,Centre in the Park
23322022,,,Rotary Park at Trillium Centre
23366130,,,Unknown
23366156,,,Upper Nottingham Lake Park East
23366160,,,Upper Nottingham Lake Park West
23366168,,,Unknown
23366170,,,Unknown
23366171,,,Nottingham Park
23366174,,,Peacock Park
23366181,,,Nottingham Green Park
23366182,,,McPherson Park
23366183,,,Ridge Park South
23366216,,,Circlewood Park
23366217,,,Meadowood Park
23366220,,,Maywood Park
23366222,,,Robin Hood Park
23366225,,,Privet Park
23366229,,,Big Cypress Park
23366233,,,Unknown
23746416,,,Herb Belcourt Park
23746419,,,Gilles Park
23746424,,,Parker Park
23848231,,,Unknown
25412689,,,Donnan Park
25460824,,,Fulton Ravine
25460825,,,Gold Bar Park
25464517,,,Unknown
25464518,,,Unknown
25490060,,,Borden Park
25490109,,,Stutchbury Park
25490923,,,Forest Heights Park
25492344,,,Whitemud Park
25497808,,,Unknown
25509105,,,Unknown
25580762,,,Argyll Park
25604321,,,Unknown
25679904,,,Haddow Park
25680022,,,Blue Quill Estate Park
25680037,,,Sweetgrass Park
25680050,,,Ogilvie Park
25680052,,,Hodgson Park
25680053,,,Robert Carter Park
25680061,,,Mary Lobay Park
25680071,,,James Ramsay Park
25680072,,,Brander Gardens Park
25680076,,,Whitemud Park
25680086,,,Royal Gardens Park
25680088,,,J. A. Werner Park
25680089,,,W. E. Werner Park
25680091,,,Charles Anderson Park
25680131,,,Grandview Park
25680132,,,Ellingson Park
25680136,,,Belgravia Park
25680139,,,Charles Simmonds Park
25680141,,,McKernan Park
25680143,,,Garneau Park
25680144,,,Tipton Park
25843360,,,Unknown
25843368,,,Unknown
26096205,,,Annie May Jackson Park
26096351,,,Unknown
26096438,,,Unknown
26096439,,,Creek's Crossing Park
26120020,,,Father Ivor Daniel Park
26120063,,,Ekota Park
26120068,,,Menisa Park
26120115,,,Sakaw Park
26120161,,,Meyokumin Park
26120216,,,Crawford Plains Park
26120273,,,Pollard Meadows Park
26120306,,,Daly Grove Park
26120321,,,Unknown
26128124,,,Greenview Park
26128167,,,Hillview Park
26128190,,,Lee Ridge Park
26128220,,,Richfield Park
26128291,,,Malcolm Tweddle Park
26128326,,,Michaels Park
26128747,,,Kameyosek Park
26128889,,,Meyonohk Park
26131261,,,Weinlos Park
26340520,,,Miller Park
26463558,,,York Park
26463766,,,McLeod Park
28581515,,,Gaby Haas Park
28581535,,,Highlands Park North
28581840,,,John J. Olinyk Park In Beverly Heights
28582539,,,Rundle Heights Playground
28582693,,,Abbottsfield Park
28582899,,,Unknown
28583809,,,Newton Park
28588017,,,Homesteader Park
28595183,,,Unknown
28864948,,,Victoria Cross Memorial Park
29474879,,,Victoria Park
33298606,,,Charlton Heights Park
33298607,,,Meadowview Park
33539863,,,Cimmaron Park
33539876,,,Cloverbar Ranch Park
33541193,,,Unknown
33541196,,,Cranford Park
34046731,,,Clover Lake Greenbelt
34047359,,,Deermound Off-Leash Park
34121939,,,Chatwin Park
34121941,,,Lakeland Ridge Park
43883496,,,Coronation Park
46889857,,,Sheila Bowker Park
48239620,,,Forrest Green park
49737200,,,Unknown
49743158,,,Beaver Hills House Park
50855230,,,Callingwood Park
51065522,,,Arts/Business Quad
51318510,,,Jasper Place Jubilee Park
51321413,,,Braithwaithe Park
51764389,,,Primrose Park
52116872,,,Unknown
53129075,,,Lorne Larsen Park
57904791,,,End of Steel Park
57904800,,,Light Horse Park
57904802,,,Strathcona Park
57977194,,,Unknown
57977205,,,Unknown
60834082,,,Unknown
61026590,,,Adair Park
67772482,,,Dr. Wilbert McIntyre Park
70357508,,,Edmonton Soccer Centre East Overlanders Park
70999721,,,Gallagher Park
75552649,,,Edgar Millen Park
75557377,,,Sheriff Robertson Park
76964919,,,Big Miller Park
78286664,,,Fred A. Morie Park
84083393,,,Alberta Avenue Park
85920849,,,Terra Losa Park
92392813,,,Matt Berry Park
96685586,,,Mission Park
97800890,,,Unknown
97800892,,,Unknown
97813044,,,Unknown
97813276,,,Unknown
97814268,,,Unknown
98293252,,,Unknown
103548015,,,Unknown
103548757,,,Woodbridge Lake Park
103560373,,,Merryvale Park
115566152,,,Diamond Park
115768310,,,Suncrest Park
116262707,,,Unknown
116716948,,,Wedgewood Heights
119015127,,,Giovanni Caboto Park
125411636,,,Unknown
125411645,,,Unknown
126705722,,,La Perle Park
127394374,,,W. P. Wagner Park
127411995,,,Unknown
128524570,,,Unknown
130545234,,,Otto Leslie Park
130545249,,,Phoebe McCullough Park
132005852,,,John G. Nidrie Park
132192708,,,Lorne Street Park
132576248,,,Unknown
132866212,,,Brintnell Park
136332986,,,Miwasin Park
136333020,,,Chalmers Park
136333032,,,Touchdown Park
136339027,,,Mary Finlay Park
136508483,,,Unknown
143310738,,,Eton Park
143310780,,,Crystal Heights Park
143310802,,,Strathcona Village Park
143328264,,,Dawson Crescent Park
143328266,,,Carson Park
143328270,,,Sunflower Crescent Park
143328279,,,Clarkdale Park
143420276,,,Maple Downs Park
143420290,,,Unknown
143420291,,,Unknown
143420296,,,Unknown
143420319,,,Unknown
144031969,,,Unknown
149273672,,,Allin Park
149279963,,,Unknown
149279965,,,Unknown
149285350,,,Eddy Mark Shaske Jr. Park
149379249,,,Johnny Bright Sports Park
149557848,,,Unknown
149570711,,,Meadowlark Park
149599124,,,John Devoldere Memorial Park
149600148,,,Unknown
149605507,,,Westridge Park
156366198,,,Lynnwood Athletic Field
156374944,,,Lynnwood Park
157951769,,,Westmount Park 2
157951773,,,Westmount Park
157951774,,,Malcolm Groat Park
157951776,,,Westmount Park 1
157958164,,,Summercourt Park
158038671,,,Summerton Park
158408825,,,Unknown
158410878,,,Tomlinson Park
158411367,,,Unknown
158412186,,,Unknown
158546309,,,Unknown
158802849,,,Unknown
158803390,,,Unknown
159264834,,,Forest Park
159283222,,,Alderwood Park
159289212,,,Attwood Park
159347840,,,Flagstone Park
159359245,,,Pembroke Park
159359249,,,Princeton Park
160836785,,,Rossdale Park 3
160836786,,,Rossdale Park
160836787,,,Irene Parlby Park
160836790,,,McDougall Park
160836792,,,Rossdale Park
160836793,,,Veterans Park
160836794,,,Beatrice Carmichael Park
160836797,,,McKay School Park
160975918,,,Westwood Arena
160978450,,,Alberta Avenue Park 4
160978451,,,Alberta Avenue Park 6
160978452,,,Alberta Avenue Park 5
160978454,,,Unknown
160978458,,,Alberta Avenue Park 7
160978460,,,Alberta Avenue Park 8
160982192,,,Spruce Avenue Park
161302721,,,Unknown
161394882,,,Unknown
161397652,,,Oxford Park
161397653,,,Orval Allen Park
161491301,,,Belle RIve Park
161491305,,,Unknown
161491308,,,Unknown
161491311,,,Unknown
161493615,,,Unknown
161493616,,,Unknown
161494085,,,Unknown
161494086,,,Unknown
161495562,,,Unknown
161495563,,,Unknown
161496137,,,Unknown
161496139,,,Unknown
161496140,,,Unknown
161496141,,,Unknown
161506286,,,Beaumaris Park
162143273,,,Centennial Park
162145604,,,Millennium Park
162145615,,,Unknown
162155464,,,Windermere Park
162155466,,,Woodlands Park
162155468,,,Unknown
162158529,,,Unknown
162158532,,,Unknown
162161865,,,Unknown
162161867,,,Unknown
162511824,,,Alexander Circle
162513713,,,104 Avenue Transit Centre
162732081,,,Londonderry Athletic Grounds
162885396,,,Unknown
162961542,,,Kennedale Ravine Park
162961596,,,Unknown
162964537,,,Unknown
162964553,,,Unknown
163844290,,,Unknown
163845814,,,Unknown
163860953,,,Laurier Heights Park
163863015,,,Unknown
164873887,,,Rainbow Park
166622267,,,Capilano Park
166622272,,,Goldstick Park
170180908,,,Unknown
170180915,,,Unknown
170250424,,,Unknown
170252470,,,Unknown
170401447,,,Unknown
170404161,,,Village on the Lake Sports Grounds
175324271,,,Craigavon Park
179661884,,,Regency Park
185315496,,,Ken Newman Park
185332308,,,Unknown
185332381,,,Unknown
185498172,,,Eastwood Park
186165015,,,Beacon Heights Park
186165033,,,Unknown
186654864,,,Unknown
186654865,,,Unknown
186657088,,,Unknown
186996238,,,Unknown
186996485,,,Unknown
187044681,,,Henry Martell Park
187058458,,,Unknown
189877235,,,Maskepetoon Park
191302252,,,Canora Park
191302254,,,Unknown
191302257,,,Unknown
191302259,,,Unknown
191527422,,,Buttercup Farm Park
191528790,,,Unknown
191791204,,,Belmead Park
191793838,,,Kingfisher Park
195823733,,,Duncan Innes Park
198824649,,,Unknown
198824658,,,Unknown
198826611,,,Unknown
201662222,,,Constable Dan Woodall Park
201662626,,,Magrath Heights Park
201664604,,,Unknown
204083894,,,Unknown
217567443,,,Lauderdale Park
217568527,,,Rosslyn Park
217654799,,,Engineering Quad
219363381,,,Unknown
219408523,,,Unknown
219488210,,,Kitchener Park
219488225,,,Oliver Park
220366116,,,Stuart Davis Plaza
220647182,,,Greengrove Park
220974234,,,Unknown
221651647,,,Harry Hardin Park
221659268,,,Windsor Park
221659280,,,Edinboro Park
221871605,,,Alex Decoteau Park
222791345,,,Unknown
222796232,,,Unknown
223055374,,,Unknown
223365511,,,Unknown
223366397,,,Village on the Lake East Park
223694417,,,Unknown
223694418,,,Unknown
223694419,,,Unknown
224805109,,,Abbey Glen Park
225430368,,,Unknown
225571600,,,Santa Rosa Park
225571613,,,Wally Footz Field
225923577,,,Unknown
226322818,,,Louise McKinney Riverfront Park
226719025,,,Unknown
226719026,,,Unknown
226719027,,,Unknown
226879898,,,Unknown
226879899,,,Unknown
226879914,,,Unknown
226879916,,,Unknown
226879917,,,Unknown
226879922,,,Unknown
226879923,,,Unknown
226879942,,,Unknown
226880148,,,Unknown
226880330,,,Unknown
226928532,,,104 Street Park
226984946,,,Unknown
226984947,,,Unknown
226985620,,,Unknown
226993478,,,Unknown
227554500,,,King Edward Park
227554521,,,Avonmore Park
227559684,,,Unknown
227559685,,,Unknown
228098586,,,Unknown
228098601,,,Constable Ezio Faraone Park
228098612,,,Monsignor William Irwin Park
228098639,,,Unknown
228098642,,,Unknown
228215632,,,Unknown
229501956,,,Unknown
229585065,,,Unknown
230454460,,,Unknown
230454515,,,Victoria Park
230718932,,,Conway Farrell Park
233557898,,,Monsignor Fee Otterson Park
234433638,,,Unknown
234433639,,,Unknown
234439565,,,Unknown
237550980,,,Unknown
237551001,,,Unknown
237551023,,,Unknown
243604566,,,Unknown
243877985,,,Unknown
243878023,,,Ozerna Park
244113541,,,Unknown
250841616,,,Unknown
262153347,,,Jackie Parker Park
269453317,,,Parkwest Toboggan Bowl Park
269453561,,,Parkwest Field
269458018,,,Frank and Etta Wilde Park
273802671,,,Bonnie Doon Park
282998878,,,Unknown
284101249,,,Paul Kane Park
292233945,,,Henderson Park
292499889,,,Unknown
292500007,,,Mutual Park
292500615,,,Hazeldean Park
294448184,,,Maurice Poirier Park
294558222,,,Unknown
294558233,,,Belmont Park
295179061,,,Mike Finland Park
295179078,,,Unknown
297296262,,,Alpine Park
299972298,,,Dr. William Rowan Park
299972303,,,St. Olga Park
299972339,,,Klarvatten Park
300145548,,,Unknown
300167039,,,Unknown
300167040,,,Unknown
300167070,,,Eaux Claires Park
300167089,,,Unknown
301128900,,,Foxboro Park
301128905,,,Foxboro Lake Park
310729490,,,Unknown
312353626,,,Unknown
312353628,,,Unknown
312353632,,,Unknown
312700535,,,Hudson Park
317753505,,,Unknown
317753507,,,Josef Chelen Park
317753508,,,Unknown
317753767,,,Unknown
317753985,,,Unknown
325267624,,,Courtyard #6
325267625,,,Courtyard #1
325267628,,,Courtyard #4
325267629,,,Courtyard #7
325267630,,,Courtyard #5
325267631,,,Courtyard #3
334342386,,,Berm Hill
334342534,,,Unknown
354187635,,,Unknown
361454092,,,Westwood Park
362803653,,,Dawson Drive Natural Area
362803654,,,Davidson Creek Park
362803677,,,Davidson Creek Retention Pond
364432199,,,Unknown
364585505,,,Unknown
364585506,,,Unknown
365403227,,,Unknown
365403229,,,Unknown
365404500,,,Unknown
367659918,,,Kathleen McAllister Park
367703941,,,Earl Samis Park
367703942,,,Unknown
367703943,,,Unknown
367703944,,,Unknown
367703945,,,Unknown
368633872,,,Kirkness Park
370043897,,,Unknown
377991409,,,Anders Svensson Park
378166754,,,Unknown
379034619,,,Unknown
379300444,,,Unknown
380160463,,,Unknown
380186900,,,Thomas Rhatigan Park
380255930,,,Falconer Heights Park
381128352,,,Maude Bell Park
381876795,,,Unknown
382743543,,,Henry Singer Park
384599729,,,"W.C. ""Tubby"" Bateman Park"
385789716,,,Kenilworth Park
386041367,,,Unknown
386283108,,,Unknown
387051119,,,Unknown
387277583,,,Unknown
390080589,,,Unknown
390080622,,,Unknown
392016275,,,Idylwylde Park
395662023,,,Unknown
397405560,,,Capilano Community Park
424533851,,,Wild Rose Park
425265695,,,Laurel Park
425312420,,,Meadows District Park
425352482,,,Laurel Park
425371548,,,Unknown
425431718,,,Wild Rose Park
425690707,,,Sister Mary Ann Casey Park
426391173,,,Tamarack Park 1
426537467,,,Unknown
427642862,,,Unknown
428666739,,,Gateway Park
429393576,,,Violet Archer Park
429496996,,,Unknown
430273335,,,Unknown
431452011,,,Strathearn Park
431456158,,,Unknown
431458787,,,Silver Heights Park
432043040,,,Unknown
432449495,,,Angus Murray Park
432825079,,,Joe Morris Park
432828823,,,Unknown
433692509,,,Unknown
433692510,,,Unknown
433692516,,,Unknown
435698832,,,Unknown
435752089,,,Queen Alexandra Park
437065258,,,Unknown
437236826,,,Unknown
439262880,,,Ellerslie Crossing Park
439418649,,,Laurel Park
439419121,,,Laurel Park
439419677,,,Silver Berry Park
439419678,,,Silver Berry Park
439627785,,,Maple Ridge Park
440547582,,,Glengarry Park
440547587,,,Unknown
440547588,,,Zoie Gardner Park
440548376,,,Cherrydale Park
440548377,,,Kildare Park
440549863,,,Unknown
440549864,,,Braids Park
440549865,,,Robert Brett Park
440551553,,,Unknown
440551554,,,Unknown
440551555,,,Unknown
440553417,,,Ken Poyser Park
440554327,,,Unknown
440554330,,,J. Dean Whittaker Park
440554331,,,Unknown
440554333,,,Unknown
440554334,,,Unknown
440554335,,,Unknown
440554336,,,Unknown
440554337,,,Unknown
440554338,,,Unknown
440554343,,,Unknown
440554344,,,Unknown
443652683,,,Unknown
444994361,,,Unknown
447807873,,,Maple Park 1
447811683,,,Unknown
448240308,,,Henri Legay Park
448240309,,,David Ure Park
448240310,,,Unknown
448240312,,,Unknown
448240313,,,Unknown
448240314,,,Unknown
448240315,,,Hollick Kenyon Park
453082078,,,Unknown
453965679,,,Unknown
455433938,,,Kittlitz Park
455845743,,,Walker Park
458750576,,,Minchau Park
461426468,,,Ritchie Park
461426469,,,Lilliput Park
461626541,,,Unknown
461629785,,,Graunke Park
462247372,,,Rampart Constructed Wetland Park
463555650,,,Unknown
463580460,,,Unknown
466545441,,,Dawson Park
466545442,,,Kinnaird Park
466546879,,,Unknown
467101157,,,Amherst Park
468418097,,,Unknown
468418098,,,Unknown
468453975,,,Unknown
468453976,,,Unknown
469222728,,,Secord Park
469222729,,,Unknown
469281571,,,Ralph Hopp Park
469321619,,,Lymburn Park
469325127,,,Walter Fitzgerald Park
469556364,,,Herb Link Park
469556683,,,Dunluce Park
476426045,,,Unknown
476444436,,,Unknown
477985198,,,Rio Terrace Park
478343262,,,Walker Park
478351003,,,Walker Park
478351042,,,The Orchards At Ellerslie Park
478357009,,,Orchards Residents Association Park
478357011,,,Summerside Park
478357018,,,Summerside Park
478361421,,,The Orchards At Ellerslie Tree Park
478361424,,,The Orchards At Ellerslie Park
478361428,,,Unknown
478361429,,,Walker Park
479417807,,,Patricia Park
479441663,,,Brookside Park
479441682,,,William Bramley-Moore Park
479553987,,,The Orchards Circle Park
479558994,,,The Orchards Tree park 1
479559014,,,Unknown
479565823,,,Inglewood Park
479574887,,,Orchards Triangle Park
479583854,,,Summerside Community League Park
479587014,,,Doug Kelly Park
479587809,,,John Patrick Gillese Park
479595588,,,Ormsby Park
479608951,,,Guinevere Park
479616701,,,Westridge Park
479619513,,,Poplar Park
479620775,,,Willoughby Park
479639353,,,La Perle Park
479657390,,,Summerlea Park
479660255,,,Aldergrove Park
479665804,,,Glenwood Park
479667062,,,Jack Horan Park
479667937,,,Burgess Manor Park
479669104,,,Unknown
479977504,,,Thorncliff Park
480038966,,,Caernarvon Park
480038971,,,Carlisle Park
480124769,,,Laurel Park
480124789,,,Laurel Park
480127136,,,Cashman Park
480914869,,,Morgan Park
480916274,,,Liberton Park
480916279,,,Lacombe Lake Park
482522964,,,Unknown
484292959,,,Summerside Park
485428224,,,James A. Christianson Park
486655587,,,Mill Woods Sport Park
486670228,,,Unknown
488084516,,,Dixon Pond Park
488607917,,,MacEwan Park
488608604,,,Blackmud Creek Park
489087952,,,Unknown
489241640,,,Unknown
493145464,,,Unknown
495979571,,,Hawkins Park
495979572,,,Sheppard Park
497951260,,,Unknown
498966286,,,Alexander Rutherford Park
498966314,,,Rutherford Park
498966315,,,Star Blanket Park
499434363,,,Skyrattler Park
499717489,,,Abbey Park
499718984,,,Emerald Hills Regional Park North
500529203,,,Hidden Brook Park
502506514,,,Unknown
502506776,,,Unknown
505168963,,,Mosaic Grove Park
505168966,,,Mosaic Grove Park
507067652,,,Big Bear Park
507071673,,,Bearspaw Park
507071674,,,Tomas Opalinski Park
508504825,,,Herbert Hart Park
509046647,,,Dr. Francis Crang Park
509304689,,,H.W. Heathcote Park
511130530,,,LY Cairns School Park
511131209,,,Caine Memorial Park
511318163,,,Malcolm MacCrimmon Park
514032321,,,ÎNÎW River Lot 11∞ Indigenous Art Park
515059402,,,Potter Greens Park
515059404,,,Rosenthal Park
515399884,,,MacMillian Park
515399887,,,Red Willow Park
515399888,,,Lions Park
515399901,,,Millenium Park
516015050,,,Keyano Park
516015051,,,Athlone Park
516015265,,,Delton Park
516334539,,,Unknown
516334541,,,Unknown
516334542,,,Unknown
517498057,,,Grenadier Park
518448924,,,Unknown
518448925,,,Unknown
519178930,,,Maurice Roberge Tot Lot Park
519178931,,,Unknown
519178934,,,Unknown
519178938,,,Grey Nuns White Spruce Park
519178939,,,Unknown
519764823,,,Dermot District Park
520190216,,,Red Willow Park
520190218,,,Unknown
521141468,,,Fulton Marsh Constructed Wetland
522959907,,,Unknown
524190827,,,Charlesworth Park
524257892,,,Unknown
526836993,,,Walter Polley Park
526836996,,,Quesnell Park
526836998,,,Unknown
526837000,,,Rio Terrace Park
529049512,,,Kainai Park
533290222,,,Arthur Elliot Park
533291315,,,Aspen Gardens Park
533403275,,,Gariepy Park
533425946,,,The Grange District Park
533425952,,,Colonel FC Jamieson Park
533426322,,,Dechene Park
533428349,,,Unknown
533428354,,,Willowby Park
533474854,,,Unknown
533475100,,,Unknown
533478581,,,Suder Greens Park
533707418,,,Lago Lindo Park
533708623,,,Elsinore Chambery Park
533708625,,,Baturyn Park
533708630,,,Harry Farmer Park
533930343,,,Norwester Park
533930345,,,Patrick J. Ryan Park
533930349,,,Mayfield Park
533930558,,,Britannia Youngstown Park
534104766,,,Unknown
534130928,,,Glenora Park
534134826,,,Carlton Park
534166460,,,Eusebio Garcia Park
534181350,,,McQueen Park
534181356,,,Grovenor Park
534389834,,,Kensington Park
534667834,,,Unknown
534667841,,,Parkview Park
535091504,,,Tipaskan Park
535096305,,,Unknown
535096306,,,Unknown
535295330,,,Clareview Park
535295347,,,Hairsine Park
535295356,,,Bannerman Park
535320437,,,Sifton Park
535321878,,,Kernohan Park
536182895,,,Unknown
536182896,,,Unknown
536185569,,,Unknown
536185570,,,John A. Norris Park
536185573,,,Rocketship Park
536229222,,,Unknown
536251774,,,Queen Mary Park
536253076,,,Central McDougall Park
536430007,,,Inglewood School Park
536476736,,,Unknown
536514824,,,Unknown
536515487,,,Mactaggart Park
536576391,,,Unknown
536579047,,,Unknown
536731858,,,Unknown
538399789,,,Unknown
539904313,,,Unknown
539942331,,,Unknown
539950487,,,Bennett Centre Park
540267937,,,Government House Park
544443569,,,Jagare Ridge Excercise Warm Up Park
544443697,,,Jagare Ridge Childrens Play Park
544670255,,,Schonsee Park
544807650,,,Royal Canadian Air Force Park
545569648,,,Unknown
546489527,,,Unknown
548449833,,,Harwood Park
548452438,,,North Ridge Park
548452439,,,Naples Park
548452440,,,Lafleur Park
548739086,,,Unknown
549640016,,,Canon Ridge Park
549670302,,,Clarkdale Meadows Pond
551743679,,,Terwillegar South Park
551743680,,,Woodall Park
551745408,,,Sutter Place Park
551766559,,,Creekwood Park
551766565,,,Unknown
551768553,,,Unknown
552007271,,,Unknown
552088771,,,Unknown
552088772,,,Unknown
552154754,,,Queen Mary Park
552428565,,,Dr. Anne Anderson Park
552448516,,,Unknown
552473987,,,Unknown
554723209,,,Unknown
555310223,,,Michael Phair Park
555353248,,,Unknown
556343980,,,Calder Memorial Park
556347018,,,Unknown
556382897,,,Unknown
556382902,,,Gowan Park
556875400,,,Tukquanow Park
557414711,,,Unknown
557848011,,,Laurel Park
557860819,,,Hamptons Pass
557866153,,,Getty Park
558145447,,,Unknown
558876129,,,Unknown
558876142,,,Unknown
561632363,,,Unknown
562126287,,,Unknown
563079232,,,Unknown
563142141,,,Unknown
563447773,,,Henrietta Muir Edwards Park
564505835,,,Unknown
566468124,,,Chappelle Park
570448666,,,Unknown
570448668,,,Unknown
573651507,,,Charles B. Hill Park
576096276,,,Unknown
576782495,,,Unknown
579018642,,,Unknown
579764633,,,Unknown
581301341,,,Unknown
583356194,,,Memorial Gardens
583356195,,,Gyro Park & Playground
583562021,,,Perron-Berger Park
583562045,,,Griesbach Central Park
583580973,,,Unknown
583607761,,,Unknown
585989289,,,Unknown
586991091,,,Unknown
586991099,,,Unknown
589097078,,,Silver Berry Park
589747143,,,Unknown
589747147,,,Unknown
589748965,,,Unknown
589748968,,,Unknown
589748971,,,Unknown
589748972,,,Unknown
591405163,,,Unknown
591434874,,,Unknown
591480667,,,Unknown
591480668,,,Unknown
592191855,,,Unknown
592211425,,,Allard Park
592396972,,,Unknown
592417309,,,Unknown
593127345,,,Unknown
593127346,,,Unknown
593864074,,,Trinity Community Garden
594664775,,,Cameron Heights Park
596697843,,,Unknown
596697857,,,Unknown
608177951,,,Muchias Park
613907781,,,Unknown
614216634,,,Hardy Point Park
614226071,,,Hardy park
614249603,,,Hamptons Walking Trail
614250085,,,Goodwin Park & Benches
614303017,,,Callingwood Park Off Leash Area
616784288,,,Unknown
616784290,,,Unknown
616784292,,,Unknown
616784294,,,Unknown
616784295,,,Unknown
616969596,,,Prince Rupert Park
625316944,,,Unknown
628412018,,,Unknown
632373455,,,Pointe Uptown Courtyard
633492239,,,Unknown
634299729,,,Unknown
634959003,,,Unknown
634959467,,,Unknown
634986268,,,Unknown
635033954,,,Unknown
643202553,,,Unknown
643214628,,,Unknown
643220835,,,Unknown
643936595,,,Faith Clifton / Alan MacDonald Memorial Park
646134942,,,Unknown
648912089,,,Unknown
648912090,,,Unknown
649295182,,,Prince Charles Park
649373687,,,Unknown
649373688,,,Unknown
649373690,,,Unknown
649553422,,,Samuel Dickson Rotary Park
649553434,,,Unknown
649553440,,,Unknown
649677274,,,Unknown
651629760,,,Unknown
651631086,,,Peggy Holmes Park
653352431,,,Maple Leaf Park
653354735,,,Kilkenny Park
653562136,,,Poplar District Park
653565778,,,Unknown
653567541,,,Killarney Park
653813534,,,Unknown
653813535,,,Unknown
653813536,,,Unknown
653813537,,,Unknown
653834120,,,Unknown
653836121,,,Carrol and Henry Paszek Park
654284351,,,Unknown
655300505,,,G. Edmund Kelly Park
656633198,,,Cy Becker Park
657115188,,,Unknown
657115204,,,Unknown
657473830,,,Unknown
657480660,,,Unknown
657716490,,,Unknown
659640969,,,Unknown
662567223,,,Unknown
668505954,,,Unknown
668931992,,,Unknown
671415409,,,Unknown
671415410,,,Unknown
671717797,,,South Cooking Lake Park
684088621,,,Ebbers Park
685329664,,,Armitage Park
685338295,,,Royal Gardens Park
685339106,,,Colonel Younger Estates Field
687465317,,,Unknown
689171030,,,Rossdale Linear Park
689564320,,,Unknown
690989886,,,Unknown
691127359,,,Unknown
699486552,,,Beaver Hill House Park
699525311,,,Unknown
704069537,,,Mill Creek Ravine Park
708344624,,,James Kidney Park
725900429,,,Off Leash Dog Park
727364029,,,Unknown
730890447,,,Ridgecrest Park
730895735,,,Unknown
736371077,,,Unknown
737706923,,,Merrill Davis Muttart Park
737706924,,,Merrill Davis Muttart Park
743248371,,,Butler Memorial Park
765298596,,,Unknown
778610023,,,Wilfred Webb Park
806111734,,,Unknown
839178321,,,Strathcona County Bike Skills Park
839760196,,,Unknown
852205712,,,Unknown
864008622,,,Unknown
864009965,,,Unknown
864011918,,,Fulton Place Park
882503378,,,Unknown
893308072,,,Kinistinâw Park
893308073,,,Unknown
931581737,,,Unknown
945560872,,,Unknown
962325726,,,Kay Meadow Park
974168600,,,Grant Notley Park
1015202755,,,Unknown
1017958039,,,Unknown
1025957256,,,Littlewood Park
1053197441,,,Pineview Park
1054119861,,,Unknown
1054120222,,,Grain Elevator Park & Train Station
1054120232,,,River Lots 23 & 24
1054120268,,,Mill Park
1054972285,,,Unknown
1054972295,,,Burnham Ravine
1054972309,,,Fowler Athletic Park
1056290865,,,Amber Park
1056290890,,,Unknown
1056290893,,,Ainsley Park
1056290909,,,Arbor Park
1056344628,,,Woodcrest Park
1056344637,,,Unknown
1056548220,,,Woodlands Park
1056548222,,,John Beedle Park
1056548223,,,Unknown
1056548229,,,Butterfield Park
1057074169,,,Gloucester Park
1057238013,,,High Park
1057243766,,,Unknown
1057243767,,,Unknown
1057243770,,,Unknown
1057360710,,,Grandin Pond Ecopark
1057516722,,,Gordon Park
1057516727,,,Greer Park
1057516734,,,Glenwood Park
1057516735,,,Unknown
1057516738,,,Gatewood Park
1057516751,,,Glenmore Park
1057516752,,,Gaylord Park
1057516765,,,Grovsnor Park
1057726186,,,Rotary Park
1057786293,,,Henderson Park
1057786296,,,Heritage Park
1057786301,,,Heritage Park
1057786305,,,Hampton Park
1057786313,,,Hodgson Park
1057786317,,,Havenwood Park
1057791704,,,Springfield Park
1057791716,,,Salisbury Park
1057791719,,,Swallow Park
1057791720,,,Sable Park
1057791721,,,Braeside Park
1057791722,,,Fountain Park
1058140562,,,Unknown
1058140579,,,Unknown
1058140587,,,Unknown
1059711010,,,Unknown
1059712552,,,Unknown
1059713780,,,Unknown
1059715639,,,Unknown
1060073637,,,Unknown
1060130913,,,Unknown
1060130926,,,Langley Park
1060130931,,,Larose Park
1060171957,,,Meadowview Ball Diamonds
1060190473,,,Arcand Park
1060190478,,,Unknown
1060190479,,,Balmoral Park
1060385393,,,Unknown
1062403854,,,Riverside Park
1083000524,,,Picknic Park
1086200266,,,Unknown
1087367399,,,Unknown
1089718187,,,Unknown
1089900799,,,Unknown
1090526849,,,Village on the Lake West Park
1096165479,,,Unknown
1098991414,,,Unknown
1099883280,,,Mary Burlie Park
1100981871,,,Kenilworth Field
1101583752,,,Sanctuary Wood
1101805011,,,Delwood Park
1102922534,,,Unknown
1103374471,,,Unknown
1103374526,,,Unknown
1103374528,,,Unknown
1103712360,,,Unknown
1106363830,,,Unknown
1107289883,,,Unknown
1107639303,,,Unknown
1108061762,,,Unknown
1110671186,,,Peace Gaden Park
1110788146,,,Frère Antoine Park
1111118740,,,Cumberland Park
1111560705,,,Unknown
1111852850,,,Unknown
1112072094,,,Unknown
1112418149,,,Unknown
1112418174,,,Unknown
1112724688,,,Unknown
1112724690,,,Unknown
1112858674,,,Unknown
1112877088,,,Unknown
1113191733,,,Unknown
1113191734,,,East Lawn
1113205681,,,Unknown
1115138598,,,Unknown
1115265497,,,McConachie Park Square
1118936162,,,Sifton Park
1119187130,,,Unknown
1121013033,,,Sedum Park
1121013034,,,Sandstone Park
1122919008,,,Unknown
1123133386,,,Unknown
1124434763,,,Unknown
1125197100,,,Lachance Park
1126126383,,,Orchards Dog Park
1132330774,,,Unknown
1133496535,,,Barbara Danelesko Park
1134252628,,,Larkspur Park
1134404540,,,Balwin Park
1134732833,,,Unknown
1135321682,,,Unknown
1135368654,,,Alberta Avenue Park 2
1136274197,,,St. Faith Park
1138173251,,,Norwood Square
1144435557,,,Unknown
1149701499,,,Unknown
1151330079,,,Unknown
1154190013,,,Unknown
1165177301,,,Unknown
1167581087,,,Unknown
1177094305,,,Kathmandu Park
1183045718,,,Foxhaven Park
1184490303,,,Unknown
1185732196,,,Unknown
1185732198,,,Unknown
1187879744,,,Unknown
1202986368,,,Sedge Park
1202986369,,,Syd Ottewell Park
1202988202,,,Christina Park
1203474371,,,Strathcona Station Park
1203478166,,,Garland Park
1203478168,,,Craigavon Meadows Wetlands
1205575244,,,Riediger Park
1205941293,,,Yohemas Park
1206733037,,,Stoneridge Park
1206734969,,,Sally Stewart Park
1206745924,,,Unknown
1206745925,,,Unknown
1206748116,,,Little Cypress Park
1206748117,,,Little Willow Park
1206748119,,,Big Willow Park
1208421164,,,Winnifred Stewart Park
1208660083,,,Unknown
1210660208,,,Northeast River Valley Park
1211625896,,,Unknown
1211966519,,,17 Street Park
1211966520,,,15 Street Park
1211981201,,,Unknown
1212602617,,,Unknown
1212602618,,,Unknown
1213220556,,,Unknown
1213671934,,,ICE District Fan Park
1216140709,,,Courtyard #2
1217262099,,,Dermot District Park
1217659629,,,Highlands Park South
1218687592,,,George F. Hustler Memorial Plaza
1219445915,,,St. Anne Park
1219662455,,,Unknown
1231227058,,,Parc Le Cerf
2880183,,,Rundle Park
3234056,,,MacKinnon Ravine Park
4003726,,,Florian Park
5758883,,,Unknown
6309886,,,Satoo Park
6345506,,,Wild Rose Park
7689752,,,GHV Bulyea Park
8509847,,,Hamptons Park
8509849,,,Glastonbury Park
8509850,,,Granville Park
8509853,,,Garnett Park
8509859,,,Galbraith Park
11607242,,,Unknown
11814319,,,Buena Vista Park
11814320,,,Sir Wilfrid Laurier Park
14110684,,,Riel Recreation Park
14190304,,,Ramsay Ravine
14568065,,,Emerald Hills Regional Park
14690230,,,Allan Stein Park
15057070,,,Grand Trunk Park
16112435,,,Campbell Park
16112511,,,Cascade Park
16293200,,,Amesbury Park
